seed,strength,passive_gaussian_fraction,explicit_repulsive_fraction,passive_energy,repulsive_energy
11,0.0,0.315,0.315,-0.06799860545012733,-0.06799860545012733
11,0.02,0.32,0.305,-0.0690045743748636,-0.06704220002896916
11,0.04,0.32,0.2975,-0.0700285743748636,-0.06613435738620078
11,0.06,0.325,0.2925,-0.0710716240948327,-0.065269544044614
11,0.08,0.3275,0.2825,-0.07214274576521112,-0.06443963838943859
11,0.1,0.3375,0.2775,-0.07326626700076547,-0.06365574674197988
11,0.12,0.3375,0.27,-0.07440532950076546,-0.06291050881202846
11,0.14,0.3475,0.265,-0.07558370670402799,-0.062200689825079515
11,0.16,0.3525,0.26,-0.07680529684393445,-0.06150708537588522
11,0.18,0.3575,0.2575,-0.07806746108832449,-0.060843509741529904
11,0.2,0.37,0.2475,-0.07937121391087519,-0.060210668447044556
11,0.22,0.39,0.2425,-0.08084505747760355,-0.05961213138763172
11,0.24,0.4,0.2375,-0.08241009956126896,-0.05903127401750611
11,0.26,0.415,0.235,-0.08405633625458887,-0.05847542614538327
11,0.28,0.44,0.235,-0.08588189335707425,-0.05792317614538327
11,0.3,0.445,0.2325,-0.08784394732642922,-0.05737883168508092
11,0.32,0.4675,0.23,-0.08995142150456469,-0.05684172825281983
11,0.34,0.4825,0.225,-0.09218435477456798,-0.05632016096724634
11,0.36,0.49,0.225,-0.09456734870393312,-0.05581391096724634
11,0.38,0.495,0.22,-0.09699443292303694,-0.05531886248006893
11,0.4,0.5125,0.2175,-0.09951190033034762,-0.05484186738434205
11,0.42,0.5425,0.2175,-0.1023046691695319,-0.05436880488434205
11,0.44,0.565,0.215,-0.10533853743330548,-0.053905825399617094
11,0.46,0.65,0.21,-0.1091501077559436,-0.05346110208335124
11,0.48,0.6925,0.205,-0.11382055761369114,-0.053030830848307745
11,0.5,0.7725,0.205,-0.11964902231033891,-0.05261058084830775
11,0.52,0.795,0.2025,-0.12582576366637105,-0.05219690135819862
11,0.54,0.8225,0.1975,-0.1323382378942559,-0.05179422801470218
11,0.56,0.835,0.195,-0.13917716149608603,-0.05141125330347319
11,0.58,0.8525,0.19,-0.1462959088224296,-0.05104216550011162
11,0.6,0.8725,0.185,-0.15378536291523773,-0.05068661526382941
11,0.62,0.885,0.1825,-0.1615591510423504,-0.050348825691494334
11,0.64,0.8875,0.18,-0.16940456576390084,-0.05001861629327678
11,0.66,0.9075,0.1775,-0.17739842578540854,-0.049697194586032375
11,0.68,0.9275,0.175,-0.18585417461355647,-0.04938689082916669
11,0.7000000000000001,0.9325,0.175,-0.19450168745836713,-0.04908064082916669
11,0.72,0.9325,0.175,-0.2031972499583671,-0.04877439082916669
11,0.74,0.94,0.1725,-0.21195121948409806,-0.04847212359533742
11,0.76,0.955,0.1725,-0.22097701478659265,-0.04817456109533742
11,0.78,0.96,0.1725,-0.23014239249997887,-0.04787699859533742
11,0.8,0.965,0.1675,-0.23942273087850377,-0.047585313040151345
11,0.8200000000000001,0.975,0.1675,-0.24884306369965636,-0.04730475054015135
11,0.84,0.975,0.1625,-0.25834931369965636,-0.047033046761800736
11,0.86,0.9775,0.1625,-0.2678883924201606,-0.04676898426180073
11,0.88,0.985,0.16,-0.27749339886867913,-0.04650811950581402
11,0.9,0.985,0.16,-0.2871956488686791,-0.046252119505814024
11,0.92,0.99,0.1575,-0.2969825587538148,-0.04600284841518781
11,0.9400000000000001,0.99,0.155,-0.3067835587538148,-0.045756895957856175
11,0.96,0.99,0.155,-0.31658455875381475,-0.04551664595785617
11,0.98,0.99,0.155,-0.32638555875381475,-0.04527639595785617
11,1.0,0.99,0.1525,-0.33618655875381476,-0.04504003933617669
11,1.02,0.99,0.1525,-0.34598755875381476,-0.04480747683617669
11,1.04,0.99,0.15,-0.35578855875381477,-0.04458161627447291
11,1.06,0.9925,0.1475,-0.36559304867994824,-0.044360099567765814
11,1.08,0.9925,0.145,-0.3754436111799482,-0.04414568309011463
11,1.1,0.995,0.145,-0.3853432140214417,-0.043935433090114634
11,1.12,0.995,0.145,-0.3952434640214418,-0.04372518309011463
11,1.1400000000000001,0.995,0.145,-0.4051437140214417,-0.04351493309011463
11,1.16,0.995,0.1425,-0.41504396402144167,-0.04330570378332317
11,1.18,0.9975,0.1425,-0.4249591702504711,-0.043102641283323175
11,1.2,0.9975,0.1425,-0.43490923275047116,-0.04289957878332317
11,1.22,0.9975,0.1425,-0.44485929525047113,-0.042696516283323174
11,1.24,0.9975,0.1425,-0.4548093577504712,-0.04249345378332317
11,1.26,0.9975,0.1425,-0.4647594202504712,-0.042290391283323174
11,1.28,0.9975,0.14,-0.47470948275047126,-0.04209061765449047
11,1.3,0.9975,0.1375,-0.4846595452504712,-0.04189519880385922
11,1.32,0.9975,0.1375,-0.4946096077504712,-0.04170613630385922
11,1.34,0.9975,0.1375,-0.5045596702504711,-0.04151707380385922
11,1.36,0.9975,0.1375,-0.5145097327504713,-0.04132801130385921
11,1.3800000000000001,0.9975,0.1375,-0.5244597952504713,-0.04113894880385922
11,1.4000000000000001,0.9975,0.1375,-0.5344098577504712,-0.04094988630385922
11,1.42,0.9975,0.1375,-0.5443599202504712,-0.04076082380385922
11,1.44,1.0,0.1375,-0.554359861023149,-0.04057176130385922
11,1.46,1.0,0.1375,-0.5643598610231491,-0.04038269880385922
11,1.48,1.0,0.1375,-0.5743598610231491,-0.04019363630385922
11,1.5,1.0,0.135,-0.5843598610231491,-0.04000967948575428
11,1.52,1.0,0.135,-0.5943598610231491,-0.03982742948575428
11,1.54,1.0,0.135,-0.6043598610231491,-0.03964517948575428
11,1.56,1.0,0.135,-0.6143598610231491,-0.039462929485754285
11,1.58,1.0,0.1325,-0.6243598610231491,-0.03928308394553852
11,1.6,1.0,0.1325,-0.6343598610231491,-0.03910752144553852
11,1.62,1.0,0.1325,-0.6443598610231491,-0.038931958945538525
11,1.6400000000000001,1.0,0.1325,-0.6543598610231491,-0.03875639644553852
11,1.6600000000000001,1.0,0.1325,-0.6643598610231491,-0.03858083394553852
11,1.68,1.0,0.13,-0.674359861023149,-0.0384064987102721
11,1.7,1.0,0.13,-0.684359861023149,-0.0382374987102721
11,1.72,1.0,0.13,-0.6943598610231491,-0.038068498710272104
11,1.74,1.0,0.13,-0.7043598610231491,-0.0378994987102721
11,1.76,1.0,0.1275,-0.7143598610231491,-0.037736205853568044
11,1.78,1.0,0.1275,-0.7243598610231491,-0.03757364335356804
11,1.8,1.0,0.1275,-0.7343598610231491,-0.03741108085356804
23,0.0,0.3525,0.3525,-0.08326115983474346,-0.08326115983474346
23,0.02,0.3625,0.3475,-0.08454223940397439,-0.08204595006801149
23,0.04,0.375,0.3375,-0.08590029803517546,-0.08088021806700853
23,0.06,0.3825,0.3275,-0.0873219232537559,-0.07978578594318228
23,0.08,0.3875,0.3225,-0.08881523424245794,-0.07872353849591397
23,0.1,0.3925,0.31,-0.09034418106027187,-0.07771301897279659
23,0.12,0.4025,0.3025,-0.0919199811547062,-0.0767808065531864
23,0.14,0.4025,0.295,-0.09354004365470621,-0.07589677101176048
23,0.16,0.4125,0.29,-0.09521135673246986,-0.07503470394337841
23,0.18,0.425,0.29,-0.09698658463209718,-0.0741937039433784
23,0.2,0.4275,0.2775,-0.09880625623125018,-0.07338926284869281
23,0.22,0.435,0.2725,-0.10065972274984891,-0.07263917561807112
23,0.24,0.445,0.2725,-0.10259796752470815,-0.07189661311807113
23,0.26,0.4525,0.265,-0.10460825866332517,-0.07116827658337598
23,0.28,0.49,0.2625,-0.10682142321665107,-0.0704702480496232
23,0.3,0.5075,0.2625,-0.10930013341924913,-0.06978118554962319
23,0.32,0.53,0.26,-0.11190792798585297,-0.06910394330217133
23,0.34,0.5475,0.2575,-0.11480968039689665,-0.06842835079122829
23,0.36,0.57,0.255,-0.11794902018742534,-0.06776966842671478
23,0.38,0.5825,0.255,-0.12129457934479876,-0.06711941842671479
23,0.4,0.615,0.2525,-0.12484724924723543,-0.06648149372350076
23,0.42,0.645,0.25,-0.1288575085933145,-0.06584879353213652
23,0.44,0.6625,0.245,-0.1331087453331669,-0.0652274933043383
23,0.46,0.6925,0.24,-0.1376461243764311,-0.06463276163741764
23,0.48,0.695,0.24,-0.14247322064478646,-0.06405676163741764
23,0.5,0.7325,0.2375,-0.1473875152877498,-0.06348561434413247
23,0.52,0.7475,0.23,-0.15290310255190062,-0.06294355652543018
23,0.54,0.77,0.2275,-0.15867022897165053,-0.06241688522147851
23,0.56,0.795,0.225,-0.16468757641984827,-0.06189994614947192
23,0.58,0.8175,0.2225,-0.17124521388368485,-0.06140161500488535
23,0.6,0.8375,0.2225,-0.17810326181936476,-0.060906552504885345
23,0.62,0.86,0.22,-0.18544486655014986,-0.06041439795795757
23,0.64,0.87,0.215,-0.19287968351378676,-0.05993559378959751
23,0.66,0.8925,0.215,-0.20072346956647574,-0.05947334378959751
23,0.68,0.8925,0.215,-0.20868903206647577,-0.05901109378959751
23,0.7000000000000001,0.9125,0.2125,-0.2168797941097833,-0.05855652920915054
23,0.72,0.92,0.21,-0.22528768023929877,-0.05811173536548615
23,0.74,0.94,0.205,-0.23397721566286184,-0.05768365435347349
23,0.76,0.9475,0.2025,-0.24282410633514484,-0.05726738399515228
23,0.78,0.9625,0.2025,-0.251890958571265,-0.05685732149515228
23,0.8,0.9625,0.2,-0.261155021071265,-0.05644991924645375
23,0.8200000000000001,0.9675,0.2,-0.2704771378335853,-0.05604991924645374
23,0.84,0.9725,0.1975,-0.27987781387160476,-0.05565350824682362
23,0.86,0.98,0.195,-0.28946193464760667,-0.05526451628906502
23,0.88,0.985,0.1925,-0.2991224582663594,-0.05488665972543453
23,0.9,0.985,0.19,-0.3088247082663594,-0.05452107681424926
23,0.92,0.9875,0.1875,-0.31853619579579395,-0.054165769500370026
23,0.9400000000000001,0.9875,0.1875,-0.328287758295794,-0.053814207000370026
23,0.96,0.99,0.185,-0.33805396423364786,-0.05346488151360604
23,0.98,0.99,0.1825,-0.34785496423364787,-0.05312561477292781
23,1.0,0.99,0.1825,-0.35765596423364787,-0.052792552272927805
23,1.02,0.9925,0.18,-0.3675000620757728,-0.05246224951397929
23,1.04,0.9925,0.18,-0.37735062457577284,-0.05213824951397929
23,1.06,0.995,0.1775,-0.38722215139223104,-0.0518175524684689
23,1.08,0.9975,0.1775,-0.3971632992819745,-0.0515024899684689
23,1.1,0.9975,0.175,-0.4071133617819745,-0.051187688611501435
23,1.12,0.9975,0.175,-0.41706342428197446,-0.050881438611501434
23,1.1400000000000001,1.0,0.1725,-0.42701986639255074,-0.05057819464440007
23,1.16,1.0,0.17,-0.43701986639255064,-0.050283667035859236
23,1.18,1.0,0.17,-0.44701986639255065,-0.04999466703585924
23,1.2,1.0,0.1675,-0.45701986639255066,-0.04970904411016606
23,1.22,1.0,0.165,-0.46701986639255066,-0.04943123353772712
23,1.24,1.0,0.165,-0.4770198663925507,-0.049158983537727116
23,1.26,1.0,0.1625,-0.4870198663925507,-0.04889161866310471
23,1.28,1.0,0.1625,-0.4970198663925507,-0.04862755616310471
23,1.3,1.0,0.16,-0.5070198663925507,-0.04836468074395017
23,1.32,1.0,0.16,-0.5170198663925507,-0.04810868074395017
23,1.34,1.0,0.1575,-0.5270198663925507,-0.04785360805980645
23,1.36,1.0,0.1575,-0.5370198663925507,-0.04760554555980645
23,1.3800000000000001,1.0,0.155,-0.5470198663925507,-0.04736461812137317
23,1.4000000000000001,1.0,0.155,-0.5570198663925507,-0.047124368121373175
23,1.42,1.0,0.155,-0.5670198663925506,-0.04688411812137318
23,1.44,1.0,0.155,-0.5770198663925507,-0.04664386812137318
23,1.46,1.0,0.155,-0.5870198663925507,-0.046403618121373176
23,1.48,1.0,0.155,-0.5970198663925507,-0.04616336812137317
23,1.5,1.0,0.1525,-0.6070198663925507,-0.04592438613953019
23,1.52,1.0,0.1525,-0.6170198663925507,-0.045691823639530185
23,1.54,1.0,0.15,-0.6270198663925507,-0.045459878550788424
23,1.56,1.0,0.15,-0.6370198663925507,-0.04523487855078842
23,1.58,1.0,0.15,-0.6470198663925507,-0.04500987855078842
23,1.6,1.0,0.15,-0.6570198663925507,-0.044784878550788415
23,1.62,1.0,0.1475,-0.6670198663925507,-0.044561637265020215
23,1.6400000000000001,1.0,0.1475,-0.6770198663925507,-0.04434407476502022
23,1.6600000000000001,1.0,0.1475,-0.6870198663925507,-0.04412651226502022
23,1.68,1.0,0.145,-0.6970198663925506,-0.043914020611340816
23,1.7,1.0,0.145,-0.7070198663925507,-0.043703770611340814
23,1.72,1.0,0.145,-0.7170198663925507,-0.04349352061134082
23,1.74,1.0,0.145,-0.7270198663925507,-0.04328327061134082
23,1.76,1.0,0.1425,-0.7370198663925507,-0.04307882934473878
23,1.78,1.0,0.1425,-0.7470198663925507,-0.042875766844738775
23,1.8,1.0,0.1425,-0.7570198663925507,-0.04267270434473877
47,0.0,0.335,0.335,-0.0767481795040593,-0.0767481795040593
47,0.02,0.35,0.335,-0.07793222044387825,-0.07562592950405929
47,0.04,0.3525,0.3275,-0.07916260745146596,-0.07452909502791984
47,0.06,0.355,0.325,-0.08040886731239062,-0.07345909844251203
47,0.08,0.355,0.315,-0.08166911731239063,-0.07242483241266573
47,0.1,0.36,0.31,-0.08294248122280114,-0.07144764371146667
47,0.12,0.3675,0.305,-0.08428013288057713,-0.07049224736004284
47,0.14,0.3725,0.3,-0.08564770630713016,-0.06957908456017181
47,0.16,0.385,0.295,-0.0870907851352404,-0.0686886773906762
47,0.18,0.395,0.2925,-0.08860827207910327,-0.06783227563939251
47,0.2,0.4,0.285,-0.09020155346333304,-0.06700877661691912
47,0.22,0.425,0.2825,-0.09193301101718833,-0.06620477595725797
47,0.24,0.4325,0.28,-0.09374280898769667,-0.06541265236811628
47,0.26,0.4325,0.275,-0.09561337148769666,-0.06464549273050005
47,0.28,0.445,0.275,-0.0975622082912623,-0.06388924273050005
47,0.3,0.4575,0.27,-0.0996186514055944,-0.06315084710450926
47,0.32,0.485,0.265,-0.101807715357789,-0.06242877827607727
47,0.34,0.52,0.265,-0.1043542664438935,-0.06172652827607727
47,0.36,0.5475,0.2625,-0.10726042463661059,-0.061031954109908026
47,0.38,0.585,0.2575,-0.11047616213722888,-0.0603534746448904
47,0.4,0.5975,0.2575,-0.11396887789405366,-0.059690412144890403
47,0.42,0.6325,0.255,-0.11772035534770167,-0.05903108418135399
47,0.44,0.645,0.2475,-0.12176409414831942,-0.05840311499052937
47,0.46,0.6625,0.2475,-0.1260304059508581,-0.05779055249052937
47,0.48,0.6775,0.24,-0.13049580252483314,-0.05719766623439493
47,0.5,0.6925,0.235,-0.13517157974948651,-0.056628235022993044
47,0.52,0.7175,0.235,-0.14016020121066183,-0.05607598502299305
47,0.54,0.765,0.2275,-0.1455958863101647,-0.05554241884381042
47,0.56,0.8075,0.2225,-0.15181954720140306,-0.055038347622856684
47,0.58,0.8425,0.2225,-0.15853331794899542,-0.054543285122856694
47,0.6,0.85,0.2175,-0.16568372796779798,-0.054060395057167136
47,0.62,0.8775,0.2125,-0.17305805636312993,-0.05359738065541626
47,0.64,0.89,0.21,-0.18086000131806465,-0.05315354267322214
47,0.66,0.9,0.2075,-0.18887837226955045,-0.052721722102886136
47,0.68,0.905,0.2025,-0.19702312489200735,-0.052302608151472
47,0.7000000000000001,0.91,0.2,-0.20524483992980594,-0.051893575729038396
47,0.72,0.92,0.1975,-0.2136078242689436,-0.05149900649965613
47,0.74,0.935,0.195,-0.2222161939711541,-0.051115024977744616
47,0.76,0.9675,0.1925,-0.23144225522737738,-0.0507398160772037
47,0.78,0.97,0.1925,-0.24084906982684234,-0.050369253577203704
47,0.8,0.975,0.19,-0.2503189376755061,-0.049999915668798196
47,0.8200000000000001,0.9825,0.19,-0.25989076218636864,-0.049638915668798196
47,0.84,0.9825,0.185,-0.2695438246863686,-0.04928804192162024
47,0.86,0.9875,0.1825,-0.2792417012415347,-0.04895025408780476
47,0.88,0.9875,0.1825,-0.28899326374153467,-0.04861719158780476
47,0.9,0.99,0.18,-0.29876688940963647,-0.048285160661197854
47,0.92,0.9925,0.1775,-0.3086066325780094,-0.047964450616618914
47,0.9400000000000001,0.9925,0.175,-0.3184571950780094,-0.047651591208308086
47,0.96,0.995,0.175,-0.3283087575997392,-0.047345341208308085
47,0.98,1.0,0.1725,-0.33828412519474993,-0.0470417055037097
47,1.0,1.0,0.1725,-0.34828412519474994,-0.0467441430037097
47,1.02,1.0,0.1725,-0.35828412519474995,-0.0464465805037097
47,1.04,1.0,0.1725,-0.36828412519474996,-0.0461490180037097
47,1.06,1.0,0.1725,-0.37828412519474997,-0.0458514555037097
47,1.08,1.0,0.17,-0.38828412519475,-0.045555562400658105
47,1.1,1.0,0.1675,-0.39828412519475,-0.04526670646254598
47,1.12,1.0,0.1675,-0.40828412519475,-0.04498614396254598
47,1.1400000000000001,1.0,0.165,-0.41828412519475,-0.04470826842238569
47,1.16,1.0,0.165,-0.4282841251947499,-0.0444360184223857
47,1.18,1.0,0.1625,-0.4382841251947499,-0.044171619266733166
47,1.2,1.0,0.16,-0.4482841251947499,-0.043914126743054074
47,1.22,1.0,0.16,-0.4582841251947499,-0.04365812674305407
47,1.24,1.0,0.16,-0.46828412519474993,-0.043402126743054076
47,1.26,1.0,0.1575,-0.47828412519474994,-0.04315042413286628
47,1.28,1.0,0.1575,-0.48828412519474995,-0.04290236163286628
47,1.3,1.0,0.1575,-0.49828412519474996,-0.04265429913286628
47,1.32,1.0,0.155,-0.50828412519475,-0.042409884096078196
47,1.34,1.0,0.155,-0.51828412519475,-0.0421696340960782
47,1.36,1.0,0.155,-0.52828412519475,-0.0419293840960782
47,1.3800000000000001,1.0,0.155,-0.53828412519475,-0.0416891340960782
47,1.4000000000000001,1.0,0.1525,-0.54828412519475,-0.04145556689586807
47,1.42,1.0,0.15,-0.5582841251947499,-0.041227748820304694
47,1.44,1.0,0.15,-0.5682841251947499,-0.0410027488203047
47,1.46,1.0,0.1475,-0.5782841251947499,-0.04078192799959468
47,1.48,1.0,0.1475,-0.5882841251947499,-0.040564365499594676
47,1.5,1.0,0.1475,-0.5982841251947499,-0.04034680299959467
47,1.52,1.0,0.145,-0.60828412519475,-0.04013652927669492
47,1.54,1.0,0.1425,-0.61828412519475,-0.0399273828053699
47,1.56,1.0,0.1425,-0.62828412519475,-0.0397243203053699
47,1.58,1.0,0.1425,-0.63828412519475,-0.0395212578053699
47,1.6,1.0,0.1425,-0.64828412519475,-0.0393181953053699
47,1.62,1.0,0.1425,-0.65828412519475,-0.0391151328053699
47,1.6400000000000001,1.0,0.1425,-0.66828412519475,-0.0389120703053699
47,1.6600000000000001,1.0,0.1425,-0.67828412519475,-0.0387090078053699
47,1.68,1.0,0.1425,-0.6882841251947499,-0.0385059453053699
47,1.7,1.0,0.14,-0.6982841251947499,-0.038304673665586174
47,1.72,1.0,0.14,-0.7082841251947499,-0.03810867366558617
47,1.74,1.0,0.14,-0.7182841251947499,-0.03791267366558618
47,1.76,1.0,0.1375,-0.7282841251947499,-0.03772308603420163
47,1.78,1.0,0.1375,-0.73828412519475,-0.03753402353420163
47,1.8,1.0,0.135,-0.74828412519475,-0.03734932263246364
91,0.0,0.3,0.3,-0.06026598600440652,-0.06026598600440652
91,0.02,0.305,0.2925,-0.0611895413298544,-0.05938962587309281
91,0.04,0.3125,0.285,-0.062133735301297406,-0.05855473156509984
91,0.06,0.32,0.285,-0.06313262941248814,-0.05774248156509984
91,0.08,0.33,0.2825,-0.0641834380028283,-0.05694396599045557
91,0.1,0.33,0.28,-0.0652724380028283,-0.05614832388749398
91,0.12,0.335,0.275,-0.06638299759533449,-0.05538831863518264
91,0.14,0.3375,0.2725,-0.06751418370598745,-0.05463753598396388
91,0.16,0.34,0.265,-0.06866494527640468,-0.05392151153877243
91,0.18,0.365,0.26,-0.06990951248573356,-0.05323382548817528
91,0.2,0.385,0.255,-0.07129575053320482,-0.05257161493188325
91,0.22,0.4,0.25,-0.0728438798669453,-0.05193532250402373
91,0.24,0.4175,0.2475,-0.07450681493890166,-0.05131628980797619
91,0.26,0.425,0.2425,-0.07628248746777112,-0.050715330247547125
91,0.28,0.4375,0.2375,-0.07815826795465053,-0.05014359463532977
91,0.3,0.445,0.2325,-0.08011318259339989,-0.04959511461523601
91,0.32,0.45,0.2275,-0.08212057081400126,-0.049066198319748164
91,0.34,0.47,0.2225,-0.08423462271713941,-0.048565100044084146
91,0.36,0.475,0.22,-0.0864660742348507,-0.04807771571722962
91,0.38,0.525,0.2175,-0.08897705685324814,-0.04760316956990161
91,0.4,0.5325,0.215,-0.09178945195971677,-0.04713510317712631
91,0.42,0.5475,0.2125,-0.09471471473824866,-0.04667347730456095
91,0.44,0.5875,0.21,-0.09793144221509187,-0.046224795982210534
91,0.46,0.605,0.2075,-0.10144227598304502,-0.04579242173132835
91,0.48,0.6375,0.205,-0.10525808715770046,-0.04536837963225791
91,0.5,0.6725,0.2,-0.10946464896149728,-0.04495807770059126
91,0.52,0.6975,0.1975,-0.11418159203541896,-0.04456348450148303
91,0.54,0.7725,0.1975,-0.11948316733445838,-0.044173422001483026
91,0.56,0.7875,0.195,-0.12554714109010892,-0.04378574249160376
91,0.58,0.8075,0.195,-0.13193402261889214,-0.04340549249160376
91,0.6,0.8275,0.1925,-0.13867182205988182,-0.04303092803427752
91,0.62,0.865,0.19,-0.14574973103527367,-0.04266671037825784
91,0.64,0.87,0.1875,-0.15328949163179362,-0.04231145252956908
91,0.66,0.88,0.185,-0.1609630299683999,-0.041965119767774305
91,0.68,0.8925,0.1825,-0.16878803142794963,-0.041625234458758105
91,0.7000000000000001,0.905,0.18,-0.1768997704019166,-0.04129842222444105
91,0.72,0.915,0.1775,-0.18515898544916393,-0.04098161408999908
91,0.74,0.93,0.175,-0.19367846000952657,-0.04067177144576488
91,0.76,0.94,0.1725,-0.2024467686670473,-0.04036857480346408
91,0.78,0.9425,0.17,-0.2113263819425303,-0.04007276764151463
91,0.8,0.955,0.1675,-0.22035960469221288,-0.0397860040062782
91,0.8200000000000001,0.965,0.165,-0.22959539027070705,-0.039510966984702356
91,0.84,0.9675,0.165,-0.23894446419757626,-0.039238716984702354
91,0.86,0.9675,0.165,-0.24830502669757626,-0.03896646698470235
91,0.88,0.975,0.1625,-0.25773374528621695,-0.03869994830416439
91,0.9,0.9775,0.1625,-0.2672508575414182,-0.03843588580416439
91,0.92,0.9875,0.16,-0.2769241160031821,-0.03817415732851491
91,0.9400000000000001,0.99,0.16,-0.2866887441115362,-0.03791815732851491
91,0.96,0.9925,0.16,-0.2965318099039527,-0.03766215732851491
91,0.98,0.995,0.16,-0.3064105422252461,-0.03740615732851491
91,1.0,0.995,0.1575,-0.31631079222524616,-0.037157224874114235
91,1.02,0.995,0.155,-0.32621104222524605,-0.03691007614347363
91,1.04,0.995,0.155,-0.3361112922252461,-0.036669826143473624
91,1.06,0.9975,0.1525,-0.3460389760689446,-0.036436450564479694
91,1.08,0.9975,0.1525,-0.3559890385689447,-0.0362038880644797
91,1.1,0.9975,0.15,-0.36593910106894467,-0.03597180483358586
91,1.12,0.9975,0.1475,-0.37588916356894464,-0.03574724799064025
91,1.1400000000000001,0.9975,0.1475,-0.3858392260689446,-0.035529685490640256
91,1.16,0.9975,0.145,-0.3957892885689446,-0.03531484214213653
91,1.18,0.9975,0.145,-0.40573935106894454,-0.03510459214213653
91,1.2,1.0,0.1425,-0.41569242741991447,-0.03489849437354337
91,1.22,1.0,0.1425,-0.4256924274199145,-0.034695431873543375
91,1.24,1.0,0.14,-0.4356924274199145,-0.03449301998046394
91,1.26,1.0,0.14,-0.4456924274199145,-0.03429701998046394
91,1.28,1.0,0.1375,-0.4556924274199145,-0.03410474325805968
91,1.3,1.0,0.135,-0.4656924274199145,-0.0339161523358381
91,1.32,1.0,0.135,-0.4756924274199145,-0.0337339023358381
91,1.34,1.0,0.135,-0.48569242741991453,-0.033551652335838095
91,1.36,1.0,0.1325,-0.49569242741991454,-0.03337252176771249
91,1.3800000000000001,1.0,0.1325,-0.5056924274199146,-0.033196959267712496
91,1.4000000000000001,1.0,0.13,-0.5156924274199146,-0.033024671508656955
91,1.42,1.0,0.13,-0.5256924274199144,-0.03285567150865695
91,1.44,1.0,0.13,-0.5356924274199144,-0.03268667150865696
91,1.46,1.0,0.13,-0.5456924274199144,-0.032517671508656955
91,1.48,1.0,0.13,-0.5556924274199144,-0.03234867150865695
91,1.5,1.0,0.1275,-0.5656924274199144,-0.03218475501190271
91,1.52,1.0,0.1275,-0.5756924274199144,-0.03202219251190271
91,1.54,1.0,0.125,-0.5856924274199145,-0.031862266830653595
91,1.56,1.0,0.125,-0.5956924274199145,-0.03170601683065359
91,1.58,1.0,0.1225,-0.6056924274199145,-0.031554210127516705
91,1.6,1.0,0.1225,-0.6156924274199145,-0.031404147627516706
91,1.62,1.0,0.12,-0.6256924274199145,-0.031258971663346825
91,1.6400000000000001,1.0,0.1175,-0.6356924274199145,-0.031115543037306702
91,1.6600000000000001,1.0,0.1175,-0.6456924274199145,-0.030977480537306704
91,1.68,1.0,0.115,-0.6556924274199145,-0.03084100953791461
91,1.7,1.0,0.115,-0.6656924274199145,-0.03070875953791461
91,1.72,1.0,0.115,-0.6756924274199145,-0.03057650953791461
91,1.74,1.0,0.115,-0.6856924274199145,-0.03044425953791461
91,1.76,1.0,0.1125,-0.6956924274199145,-0.03031255747625853
91,1.78,1.0,0.1125,-0.7056924274199146,-0.03018599497625853
91,1.8,1.0,0.1125,-0.7156924274199146,-0.03005943247625853
