tau_D2S,F_C_lagrangian,F_V_lagrangian,F_D_parent,phi_C_eulerian,phi_V_eulerian,phi_D_eulerian
0.03,1.11022302463e-16,0,1,6.24939505344e-19,0,1
0.0318440776581,0,0,1,0,0,1
0.0338015093965,0,0,1,0,0,1
0.035879263006,1.11022302463e-16,1.11022302463e-16,1,6.24939505344e-19,5.55111512313e-16,1
0.0380847345826,1.11022302463e-16,5.55111512313e-17,1,6.24939505344e-19,2.77555756156e-16,1
0.0404257748546,0,0,1,0,0,1
0.0429107171286,3.33066907388e-16,0,1,1.87481851603e-18,0,1
0.0455484069535,2.88657986403e-15,5.55111512313e-17,1,1.6248427139e-17,2.77555756156e-16,1
0.0483482336077,1.74305014866e-14,5.55111512313e-17,1,9.81155023391e-17,2.77555756156e-16,1
0.0513201635211,9.89208714941e-14,5.55111512313e-17,1,5.56821099262e-16,2.77555756156e-16,1
0.0544747757531,5.05706587717e-13,5.55111512313e-17,0.999999999999,2.84659944685e-15,2.77555756156e-16,1
0.0578232996496,2.35900188272e-12,5.55111512313e-17,0.999999999998,1.32787146096e-14,2.77555756157e-16,1
0.0613776548162,1.00781605283e-11,0,0.99999999999,5.67295085377e-14,0,1
0.065150493548,3.9646286254e-11,0,0.99999999996,2.23167147246e-13,0,1
0.0691552458668,1.44299239224e-10,0,0.999999999856,8.12253873277e-13,0,0.999999999999
0.0734061673282,4.88116547182e-10,0,0.999999999512,2.74758590777e-12,0,0.999999999997
0.077918389766,1.54105628258e-09,5.55111512313e-17,0.999999998459,8.67453593612e-12,2.77555756582e-16,0.999999999991
0.0827079751567,4.55911797204e-09,5.55111512313e-17,0.999999995441,2.56630684103e-11,2.77555757415e-16,0.999999999974
0.0877919727945,1.26865008498e-08,0,0.999999987313,7.14117388112e-11,0,0.999999999929
0.0931884799808,3.33225638194e-08,5.55111512313e-17,0.999999966677,1.87571206669e-10,2.77555765353e-16,0.999999999812
0.0989167064449,8.28930485364e-08,0,0.999999917107,4.66601249206e-10,0,0.999999999533
0.104997042724,1.95904593658e-07,5.55111512313e-17,0.999999804095,1.10273828762e-09,2.77555810225e-16,0.999999998897
0.111451132745,4.41166430276e-07,4.4408920985e-16,0.999999558834,2.4833069171e-09,2.22044702332e-15,0.999999997517
0.118301950874,9.4929590988e-07,2.77555756156e-15,0.999999050704,5.34354866716e-09,1.38778009078e-14,0.999999994656
0.125573883691,1.95695944527e-06,1.76525460915e-14,0.999998043041,1.10156573989e-08,8.82629022123e-14,0.999999988984
0.133292816803,3.8745091745e-06,9.92539384015e-14,0.999996125491,2.18095204474e-08,4.96271603993e-13,0.99999997819
0.141486226985,7.38443829951e-06,5.0764947801e-13,0.999992615561,4.15669735009e-08,2.53826602821e-12,0.99999995843
0.150183279988,1.35780270716e-05,2.36644037699e-12,0.999986421971,7.64311305205e-08,1.18323616406e-11,0.999999923557
0.159414934363,2.41363451543e-05,1.010813655e-11,0.999975863645,1.35865653049e-07,5.05418957779e-11,0.999999864084
0.169214051657,4.15591884924e-05,3.97573085564e-11,0.999958440772,2.33944454958e-07,1.98794757994e-10,0.999999765857
0.179615513394,6.94415331007e-05,1.44680989411e-10,0.999930558322,3.90910232807e-07,7.23454901669e-10,0.999999608366
0.190656345237,0.000112791910166,4.8933496144e-10,0.9998872076,6.34971762142e-07,2.44694924492e-09,0.999999362581
0.202375848791,0.000178381229266,1.54468504654e-09,0.999821617226,1.00427797912e-06,7.724795387e-09,0.999998987997
0.214815741501,0.000275104687146,4.5692460926e-09,0.999724890744,1.54897551051e-06,2.28524814818e-08,0.999998428172
0.228020305151,0.000414334290554,1.27130923566e-08,0.999585652996,2.33323010701e-06,6.35916584411e-08,0.999997603178
0.242036543495,0.000610235960927,3.33884693227e-08,0.999389730651,3.43707570974e-06,1.67043686575e-07,0.999996395881
0.256914349571,0.000880023789028,8.30477612235e-08,0.999119893163,4.95795090452e-06,4.15602349279e-07,0.999994626447
0.272706683308,0.00124412512264,1.96249672402e-07,0.998755678628,7.01179282921e-06,9.82463017388e-07,0.999992005744
0.289469760038,0.00172623383556,4.41899904557e-07,0.998273324265,9.73358262454e-06,2.21329476854e-06,0.999988053123
0.30726325061,0.0023532350552,9.50785744025e-07,0.997645814159,1.32772715704e-05,4.7650607868e-06,0.999981957668
0.326150493797,0.00315499225969,1.95985891827e-06,0.996843047881,1.78150586699e-05,9.83005670705e-06,0.999972354885
0.346198721756,0.00416399624698,3.87992922968e-06,0.995832123824,2.35360330446e-05,1.94800018883e-05,0.999956983965
0.367479299358,0.00541488420443,7.39419279966e-06,0.994577721603,3.06442321753e-05,3.71700029446e-05,0.999932185765
0.390067978216,0.00694384517272,1.35949656746e-05,0.993042559862,3.93561943882e-05,6.84436935952e-05,0.999892200112
0.414045166341,0.0087879349305,2.41647845706e-05,0.991187900285,4.98980969816e-05,0.000121877161997,0.999828224741
0.439496214364,0.0109843282401,4.16054459186e-05,0.988974066314,6.25025678697e-05,0.000210289115336,0.999727208317
0.466511719355,0.0135695392222,6.95145558338e-05,0.986360946222,7.74052387279e-05,0.000352227500343,0.999570367261
0.495187847318,0.0165786413224,0.000112903983538,0.983308454694,9.4841073907e-05,0.00057371875494,0.999331440171
0.525626675511,0.0200445170339,0.000178548732384,0.979776934234,0.000115040466596,0.000910236117617,0.998974723416
0.557936555805,0.0239971645583,0.000275348854051,0.975727486588,0.000138225048455,0.00140880975257,0.998452965199
0.592232500377,0.028463084295,0.000414681925034,0.97112223378,0.000164603119017,0.00213016606633,0.997705230815
0.628636591122,0.0334647629125,0.000610720047815,0.96592451704,0.000194364574978,0.00315074888991,0.996654886535
0.667278414213,0.0390202671952,0.00088068394444,0.96009904886,0.00022767521511,0.0045644436547,0.99520788113
0.708295521392,0.0451429542865,0.00124500783059,0.953612037883,0.000264670321274,0.00648379992683,0.993251529752
0.751833919603,0.0518412997012,0.00172739242833,0.946431307871,0.000305447474982,0.00904053068714,0.990654021838
0.798048590727,0.0591188398069,0.00235472940811,0.938526430785,0.000350058664879,0.0123850622009,0.987264879134
0.847104043268,0.0669742215634,0.00315688818459,0.929868890252,0.000398501871781,0.0166849206507,0.982916577478
0.899174897943,0.075401349233,0.00416636457612,0.920432286191,0.000450712477831,0.0221217759366,0.977427511586
0.954446509277,0.0843896155845,0.00541779954548,0.91019258487,0.000506555021608,0.0288870240942,0.970606420884
1.0131156254,0.0939242037499,0.00694738426105,0.899128411989,0.000565815990993,0.0371758811061,0.962258302903
1.07539108839,0.103986445294,0.0087921743599,0.887221380346,0.000628198482675,0.0471800826802,0.952191718837
1.14149457772,0.114554220118,0.0109893410364,0.874456438846,0.000693319628909,0.0590794316823,0.940227248689
1.2116613993,0.125602384406,0.0135753891058,0.860822226488,0.000760711666154,0.0730325952561,0.926206693078
1.28614132316,0.137103213831,0.0165853723954,0.846311413773,0.000829827370744,0.0891677077447,0.910002464885
1.36519947246,0.149026850488,0.0200521347932,0.830921014719,0.000900050303495,0.107573458041,0.891526491656
1.44911726733,0.161341743465,0.0240056012976,0.814652655237,0.000970709900437,0.12829140371,0.870737886389
1.53819342655,0.174015074383,0.0284721379062,0.797512787711,0.00104110095982,0.151310236031,0.847648663009
1.63274503094,0.18701316056,0.0334739926998,0.77951284674,0.00111050656974,0.176562607587,0.822326885844
1.73310865204,0.200301829567,0.0390288236985,0.760669346735,0.00117822307452,0.203924931255,0.79489684567
1.83964155018,0.213846759705,0.045149312702,0.741003927593,0.0012435853689,0.233220288442,0.765536126189
1.95272294623,0.227613781311,0.0518428590718,0.720543359617,0.00130599069484,0.264224283001,0.734469726304
2.07275537148,0.241569133758,0.059111343888,0.699319522354,0.00136491922188,0.296673391115,0.701961689663
2.20016610052,0.255679672711,0.0669509535096,0.67736937378,0.00141995000207,0.33027513016,0.668304919838
2.33540867219,0.269913021693,0.0753520524233,0.654734925884,0.00147077135309,0.364719233102,0.633809995545
2.47896450402,0.284237661808,0.0842990982015,0.631463239991,0.00151718526385,0.39968898293,0.598793831806
2.63134460592,0.298622953714,0.0937705958835,0.607606450402,0.00155910595475,0.434871928265,0.56356896578
2.79309139921,0.313039087199,0.10373909441,0.583221818391,0.00159655319035,0.469969344915,0.528434101895
2.96478064741,0.327456956162,0.114171232972,0.558371810866,0.00162964128943,0.504703998071,0.493666360639
3.14702350585,0.341847960649,0.125027849398,0.533124189953,0.00165856498373,0.538825963955,0.459515471061
3.34046869707,0.35618374265,0.136264165255,0.507552092094,0.0016835833462,0.572116460363,0.426199956291
3.54580482013,0.37043586841,0.147830062692,0.481734068898,0.00170500296138,0.604389793701,0.393905203338
3.76376280175,0.384575476306,0.159670466079,0.455754057615,0.00172316137438,0.635493645608,0.362783193018
3.99511849819,0.398572915399,0.171725837388,0.429701247214,0.00173841166314,0.665307993372,0.332953594965
4.24069545698,0.4123974046,0.183932788511,0.403669806889,0.0017511087608,0.693742989139,0.3045059021
4.50136784855,0.426016745574,0.196224807117,0.377758447309,0.00176159793574,0.720736120922,0.277502281142
4.77806357789,0.439397123245,0.208533085943,0.352069790812,0.00177020563507,0.746248952617,0.251980841748
5.07176758765,0.452503026024,0.220787439497,0.326709534479,0.00177723272347,0.770263699313,0.227959067964
5.38352536416,0.46529731326,0.232917287617,0.301785399123,0.00178295001042,0.792779845593,0.205437204397
5.71444665902,0.477741450331,0.244852682587,0.277405867081,0.00178759585526,0.813810964235,0.18440143991
6.06570943943,0.489795922358,0.256525355638,0.253678722004,0.00179137556978,0.833381844791,0.164826779639
6.43856408135,0.501420826424,0.267869759459,0.230709414117,0.00179446229782,0.851525998627,0.146679539075
6.83433782044,0.512576630077,0.278824085228,0.208599284695,0.00179699903592,0.868283570528,0.129919430436
7.25443947652,0.523225071619,0.289331234988,0.187443693394,0.00179910146448,0.883699657335,0.114501241201
7.70036446854,0.533330166182,0.299339732264,0.167330101554,0.0018008612796,0.897823011228,0.100376127492
8.17370013772,0.542859271817,0.308804554951,0.148336173232,0.00180234974955,0.910705088614,0.0874925616361
8.67613139798,0.551784162494,0.317687874427,0.130527963079,0.00180362126261,0.922399394467,0.0757969842707
9.20944673363,0.560082050875,0.325959683573,0.113958265551,0.00180471668151,0.93296106558,0.0652342177383
9.77554456579,0.56773650309,0.333598294306,0.0986652026043,0.00180566637089,0.942446633689,0.0557476999397
10.3764400101,0.574738190919,0.340590683063,0.0846711260183,0.00180649281492,0.950913909997,0.047279597188
11.0142720499,0.581085433337,0.34693266145,0.0719819052138,0.00180721278806,0.958421935637,0.0397708515754
11.6913111501,0.586784489038,0.352628849877,0.0605866610855,0.00180783908144,0.965030947384,0.0331612135347
12.4099673396,0.591849573766,0.357692435367,0.050457990867,0.00180838181719,0.970802314156,0.0273893040266
13.1727987899,0.596302590322,0.362144701271,0.0415527084074,0.0018088494027,0.975798407288,0.0223927433096
13.9825209213,0.600172574394,0.366014326401,0.0338130992047,0.00180924918722,0.980082376235,0.0181083745777
14.8420160692,0.603494875063,0.36933646361,0.0271686613273,0.00180958788433,0.983717811282,0.014472600834
15.7543437436,0.606310104171,0.372151622038,0.021538273791,0.00180987181938,0.986768285978,0.0114218422025
16.7227515208,0.608662902871,0.374504391808,0.0168327053213,0.00181010705255,0.98929678429,0.00889310865751
17.7506866029,0.610600585437,0.376442063205,0.0129573513577,0.00181029941827,0.991365030187,0.00682467039441
18.8418080889,0.612171728989,0.378013202702,0.00981506830873,0.0018104545121,0.993032749798,0.00515679568988
20,0.61342478188,0.379266254216,0.00730896390356,0.00181057764834,0.994356906983,0.00383251536861
