branch,parameter,rho_over_bg,Hlocal_over_Hbg,Upsilon,delta_linear
overdense,0.03,1.00013501,0.999954998,0.999887502,0.00013499595
overdense,0.0549176589,1.00045251,0.999849175,0.99962303,0.000452346911
overdense,0.0798353178,1.00095659,0.999681195,0.999203396,0.000955848596
overdense,0.104752977,1.00164757,0.999450982,0.998628665,0.00164537597
overdense,0.129670636,1.00252591,0.999158434,0.997898927,0.00252075779
overdense,0.154588294,1.00359219,0.998803421,0.997014294,0.00358177671
overdense,0.179505953,1.00484711,0.998385786,0.995974905,0.00482816927
overdense,0.204423612,1.00629149,0.997905342,0.994780919,0.00625962602
overdense,0.229341271,1.0079263,0.997361875,0.993432524,0.00787579161
overdense,0.25425893,1.00975261,0.996755144,0.991929927,0.00967626486
overdense,0.279176589,1.01177163,0.996084877,0.990273363,0.0116605989
overdense,0.304094248,1.01398471,0.995350774,0.988463088,0.0138283013
overdense,0.329011907,1.01639331,0.994552507,0.986499383,0.0161788342
overdense,0.353929566,1.01899904,0.993689718,0.984382554,0.0187116145
overdense,0.378847224,1.02180365,0.992762018,0.982112928,0.021426014
overdense,0.403764883,1.02480902,0.99176899,0.979690858,0.0243213595
overdense,0.428682542,1.02801717,0.990710187,0.97711672,0.0273969331
overdense,0.453600201,1.03143026,0.989585128,0.974390914,0.0306519725
overdense,0.47851786,1.03505061,0.988393304,0.971513862,0.034085671
overdense,0.503435519,1.03888067,0.987134172,0.968486012,0.0376971779
overdense,0.528353178,1.04292307,0.985807159,0.965307833,0.0414855985
overdense,0.553270837,1.04718057,0.984411659,0.961979818,0.0454499947
overdense,0.578188496,1.0516561,0.98294703,0.958502484,0.0495893851
overdense,0.603106154,1.05635275,0.981412601,0.954876371,0.0539027454
overdense,0.628023813,1.06127378,0.979807661,0.951102042,0.0583890083
overdense,0.652941472,1.06642262,0.978131469,0.947180083,0.0630470643
overdense,0.677859131,1.07180289,0.976383246,0.943111101,0.0678757617
overdense,0.70277679,1.07741837,0.974562175,0.93889573,0.0728739074
overdense,0.727694449,1.08327304,0.972667405,0.934534623,0.0780402663
overdense,0.752612108,1.08937106,0.970698045,0.930028457,0.0833735628
overdense,0.777529767,1.09571682,0.968653165,0.925377931,0.0888724802
overdense,0.802447426,1.10231487,0.966531797,0.920583768,0.0945356619
overdense,0.827365084,1.10917,0.964332931,0.915646712,0.100361711
overdense,0.852282743,1.11628721,0.962055515,0.910567528,0.106349191
overdense,0.877200402,1.12367172,0.959698456,0.905347006,0.112496628
overdense,0.902118061,1.131329,0.957260616,0.899985956,0.118802506
overdense,0.92703572,1.13926472,0.954740812,0.894485209,0.125265275
overdense,0.951953379,1.14748484,0.952137817,0.88884562,0.131883343
overdense,0.976871038,1.15599556,0.949450356,0.883068064,0.138655084
overdense,1.0017887,1.16480334,0.946677104,0.877153438,0.145578833
overdense,1.02670636,1.17391493,0.943816689,0.871102659,0.152652891
overdense,1.05162401,1.18333735,0.940867686,0.864916668,0.15987552
overdense,1.07654167,1.19307793,0.937828618,0.858596424,0.167244949
overdense,1.10145933,1.2031443,0.934697956,0.852142908,0.174759372
overdense,1.12637699,1.21354441,0.931474112,0.845557122,0.182416948
overdense,1.15129465,1.22428655,0.928155445,0.838840089,0.190215802
overdense,1.17621231,1.23537934,0.924740251,0.83199285,0.198154026
overdense,1.20112997,1.24683177,0.921226768,0.825016469,0.20622968
overdense,1.22604763,1.25865321,0.917613171,0.817912029,0.21444079
overdense,1.25096529,1.27085339,0.913897571,0.810680632,0.222785354
overdense,1.27588294,1.28344247,0.910078012,0.803323401,0.231261335
overdense,1.3008006,1.29643103,0.90615247,0.795841478,0.239866667
overdense,1.32571826,1.30983007,0.90211885,0.788236023,0.248599257
overdense,1.35063592,1.32365107,0.897974985,0.780508219,0.257456978
overdense,1.37555358,1.33790597,0.893718632,0.772659264,0.266437679
overdense,1.40047124,1.35260721,0.889347469,0.764690376,0.275539177
overdense,1.4253889,1.36776775,0.884859097,0.756602792,0.284759265
overdense,1.45030656,1.3834011,0.88025103,0.748397769,0.294095708
overdense,1.47522422,1.39952131,0.8755207,0.740076579,0.303546246
overdense,1.50014187,1.41614306,0.870665447,0.731640513,0.31310859
overdense,1.52505953,1.4332816,0.86568252,0.723090883,0.322780432
overdense,1.54997719,1.45095286,0.860569075,0.714429014,0.332559436
overdense,1.57489485,1.46917344,0.855322167,0.70565625,0.342443243
overdense,1.59981251,1.48796064,0.84993875,0.696773955,0.352429474
overdense,1.62473017,1.50733248,0.844415673,0.687783506,0.362515726
overdense,1.64964783,1.52730778,0.838749674,0.678686299,0.372699574
overdense,1.67456549,1.54790617,0.83293738,0.669483746,0.382978574
overdense,1.69948315,1.5691481,0.826975299,0.660177275,0.393350263
overdense,1.7244008,1.59105493,0.820859818,0.650768332,0.403812156
overdense,1.74931846,1.61364894,0.814587196,0.641258375,0.414361753
overdense,1.77423612,1.63695341,0.808153563,0.631648883,0.424996535
overdense,1.79915378,1.66099261,0.801554911,0.621941346,0.435713965
overdense,1.82407144,1.68579191,0.794787093,0.61213727,0.446511491
overdense,1.8489891,1.7113778,0.787845813,0.602238179,0.457386547
overdense,1.87390676,1.73777795,0.780726624,0.592245608,0.46833655
overdense,1.89882442,1.76502128,0.773424921,0.582161108,0.479358904
overdense,1.92374208,1.79313802,0.765935933,0.571986245,0.490451
overdense,1.94865973,1.82215977,0.75825472,0.561722598,0.501610218
overdense,1.97357739,1.85211957,0.750376162,0.55137176,0.512833925
overdense,1.99849505,1.88305199,0.742294956,0.540935338,0.524119477
overdense,2.02341271,1.91499321,0.734005606,0.530414952,0.535464221
overdense,2.04833037,1.94798107,0.725502415,0.519812234,0.546865494
overdense,2.07324803,1.98205519,0.716779479,0.509128831,0.558320626
overdense,2.1043951,2.02623881,0.705557444,0.495663641,0.572711199
overdense,2.12931276,2.06291177,0.696317352,0.484804778,0.58427771
overdense,2.15423042,2.10081321,0.686836778,0.473870662,0.595889351
overdense,2.17914808,2.13999145,0.677108831,0.462862993,0.607543424
overdense,2.20406574,2.1804971,0.66712636,0.451783478,0.619237228
overdense,2.2289834,2.22238329,0.656881945,0.440633836,0.630968058
overdense,2.25390106,2.26570574,0.646367887,0.4294158,0.642733207
overdense,2.27881871,2.31052291,0.635576191,0.418131109,0.654529964
overdense,2.30373637,2.35689621,0.624498557,0.406781516,0.66635562
overdense,2.32865403,2.4048901,0.613126365,0.395368781,0.678207463
overdense,2.35357169,2.45457232,0.601450662,0.383894678,0.690082785
overdense,2.37848935,2.50601403,0.589462147,0.372360986,0.701978878
overdense,2.40340701,2.55929008,0.577151152,0.360769497,0.713893034
overdense,2.42832467,2.61447915,0.564507632,0.349122008,0.725822553
overdense,2.45324233,2.67166402,0.551521142,0.337420329,0.737764734
overdense,2.47815999,2.73093183,0.53818082,0.325666275,0.749716884
overdense,2.50307764,2.79237429,0.52447537,0.313861671,0.761676315
overdense,2.5279953,2.85608802,0.51039304,0.302008349,0.773640345
overdense,2.55291296,2.9221748,0.4959216,0.29010815,0.785606298
overdense,2.57783062,2.99074192,0.481048323,0.278162919,0.797571509
overdense,2.60274828,3.06190251,0.465759955,0.266174513,0.80953332
overdense,2.62766594,3.1357759,0.450042698,0.25414479,0.821489082
overdense,2.6525836,3.21248804,0.433882177,0.242075619,0.833436158
overdense,2.67750126,3.29217188,0.417263414,0.229968873,0.845371922
overdense,2.70241892,3.37496785,0.4001708,0.217826431,0.857293759
overdense,2.72733657,3.46102435,0.382588064,0.205650178,0.869199069
overdense,2.75225423,3.55049823,0.364498237,0.193442004,0.881085263
overdense,2.77717189,3.6435554,0.345883622,0.181203803,0.892949769
overdense,2.80208955,3.74037138,0.326725751,0.168937476,0.90479003
overdense,2.82700721,3.84113197,0.307005354,0.156644927,0.916603502
overdense,2.85192487,3.94603395,0.28670231,0.144328063,0.928387662
overdense,2.87684253,4.05528581,0.26579561,0.131988797,0.940140003
overdense,2.90176019,4.16910856,0.244263305,0.119629043,0.951858036
overdense,2.92667785,4.28773659,0.222082463,0.10725072,0.963539292
overdense,2.9515955,4.41141861,0.19922911,0.0948557496,0.975181322
overdense,2.97651316,4.54041865,0.175678184,0.0824460557,0.986781697
overdense,3.00143082,4.67501717,0.151403467,0.0700235646,0.998338011
overdense,3.02634848,4.81551219,0.12637753,0.0575902043,1.00984788
overdense,3.05126614,4.96222061,0.100571664,0.0451479049,1.02130894
overdense,3.0761838,5.11547953,0.0739558108,0.0326985976,1.03271885
overdense,3.10110146,5.2756478,0.0464984884,0.0202442148,1.04407531
overdense,3.12601912,5.44310757,0.0181667118,0.00778668971,1.05537602
overdense,3.15093678,5.61826605,-0.0110740908,-0.00467204404,1.06661873
overdense,3.17585443,5.80155744,-0.0412601683,-0.0171300526,1.07780119
overdense,3.20077209,5.99344493,-0.0724295418,-0.0295854022,1.0889212
overdense,3.22568975,6.19442296,-0.104622107,-0.0420361596,1.09997659
overdense,3.25060741,6.40501964,-0.137879741,-0.0544803921,1.1109652
overdense,3.27552507,6.62579937,-0.17224642,-0.0669161681,1.12188491
overdense,3.30044273,6.85736572,-0.207768343,-0.0793415574,1.13273363
overdense,3.32536039,7.10036456,-0.244494063,-0.0917546312,1.1435093
overdense,3.35027805,7.35548748,-0.282474627,-0.104153463,1.1542099
overdense,3.37519571,7.62347543,-0.321763729,-0.116536128,1.16483343
overdense,3.40011336,7.9051229,-0.362417869,-0.128900704,1.17537793
overdense,3.42503102,8.20128223,-0.404496528,-0.141245272,1.18584147
overdense,3.44994868,8.51286853,-0.448062351,-0.153567916,1.19622216
overdense,3.47486634,8.84086499,-0.493181348,-0.165866723,1.20651814
overdense,3.499784,9.18632862,-0.539923102,-0.178139784,1.21672759
overdense,3.52470166,9.55039672,-0.588361001,-0.190385194,1.22684872
overdense,3.54961932,9.93429378,-0.638572479,-0.202601053,1.23687977
overdense,3.57453698,10.3393392,-0.690639285,-0.214785464,1.24681905
overdense,3.59945464,10.7669558,-0.744647757,-0.226936535,1.25666487
overdense,3.62437229,11.218679,-0.800689135,-0.239052382,1.2664156
overdense,3.64928995,11.6961669,-0.858859881,-0.251131122,1.27606965
overdense,3.67420761,12.2012121,-0.919262036,-0.263170882,1.28562545
overdense,3.69912527,12.7357535,-0.982003599,-0.275169793,1.2950815
overdense,3.72404293,13.3018904,-1.04719893,-0.287125991,1.30443631
overdense,3.74896059,13.9018978,-1.11496921,-0.299037622,1.31368846
overdense,3.77387825,14.5382428,-1.18544291,-0.310902836,1.32283656
overdense,3.79879591,15.2136035,-1.25875627,-0.322719792,1.33187925
overdense,3.82371357,15.93089,-1.33505394,-0.334486654,1.34081523
overdense,3.84863122,16.6932666,-1.41448951,-0.346201598,1.34964324
overdense,3.87354888,17.5041779,-1.49722621,-0.357862804,1.35836206
overdense,3.89846654,18.3673773,-1.58343758,-0.369468462,1.36697052
overdense,3.9233842,19.286958,-1.67330828,-0.381016772,1.37546749
overdense,3.94830186,20.2673891,-1.76703493,-0.39250594,1.38385189
overdense,3.97321952,21.3135543,-1.86482699,-0.403934182,1.39212268
overdense,3.99813718,22.4307966,-1.96690776,-0.415299726,1.40027887
overdense,4.02305484,23.6249675,-2.07351548,-0.426600807,1.40831952
overdense,4.0479725,24.9024821,-2.1849045,-0.437835671,1.41624373
overdense,4.07289015,26.2703817,-2.30134655,-0.449002574,1.42405066
overdense,4.09780781,27.7364035,-2.42313216,-0.460099783,1.43173949
overdense,4.12272547,29.3090591,-2.55057218,-0.471125574,1.43930949
overdense,4.14764313,30.9977235,-2.68399947,-0.482078237,1.44675994
overdense,4.1787902,33.287542,-2.85974907,-0.495663641,1.4559039
overdense,4.20370786,35.2766782,-3.00799158,-0.506445567,1.46308305
overdense,4.22862552,37.4195564,-3.16347865,-0.517148883,1.47014071
overdense,4.25354318,39.7305093,-3.3266595,-0.527771927,1.47707638
overdense,4.27846084,42.2254296,-3.49801724,-0.538313049,1.48388963
overdense,4.3033785,44.9219644,-3.67807193,-0.548770615,1.49058005
overdense,4.32829616,47.8397365,-3.86738387,-0.559143,1.49714731
overdense,4.35321382,51.0005967,-4.06655734,-0.569428594,1.50359111
overdense,4.37813148,54.4289138,-4.27624465,-0.579625802,1.50991121
overdense,4.40304913,58.1519051,-4.49715062,-0.58973304,1.51610743
overdense,4.42796679,62.2000181,-4.73003767,-0.599748739,1.52217963
overdense,4.45288445,66.6073674,-4.97573128,-0.609671345,1.52812772
overdense,4.47780211,71.4122397,-5.23512625,-0.619499318,1.53395167
overdense,4.50271977,76.6576773,-5.50919354,-0.629231132,1.5396515
overdense,4.52763743,82.3921517,-5.79898795,-0.638865276,1.54522728
overdense,4.55255509,88.6703472,-6.1056567,-0.648400255,1.55067914
overdense,4.57747275,95.5540693,-6.43044901,-0.657834589,1.55600724
overdense,4.60239041,103.113305,-6.77472685,-0.667166814,1.56121182
overdense,4.62730806,111.42746,-7.13997699,-0.676395481,1.56629316
overdense,4.65222572,120.586803,-7.52782453,-0.685519158,1.5712516
overdense,4.67714338,130.694171,-7.9400482,-0.694536428,1.5760875
overdense,4.70206104,141.86696,-8.37859751,-0.703445892,1.58080133
overdense,4.7269787,154.239482,-8.84561227,-0.712246166,1.58539356
overdense,4.75189636,167.965751,-9.34344454,-0.720935886,1.58986475
overdense,4.77681402,183.222785,-9.87468367,-0.729513701,1.59421548
overdense,4.80173168,200.214524,-10.4421847,-0.737978281,1.59844641
overdense,4.82664934,219.176519,-11.0491006,-0.746328312,1.60255823
overdense,4.85156699,240.381518,-11.6989195,-0.754562497,1.60655171
overdense,4.87648465,264.146188,-12.3955066,-0.762679559,1.61042763
overdense,4.90140231,290.839187,-13.1431528,-0.770678237,1.61418688
overdense,4.92631997,320.890928,-13.9466305,-0.778557291,1.61783034
overdense,4.95123763,354.805393,-14.8112578,-0.786315496,1.62135898
overdense,4.97615529,393.174515,-15.7429724,-0.793951649,1.62477382
overdense,5.00107295,436.695722,-16.7484181,-0.801464565,1.62807592
overdense,5.02599061,486.193438,-17.8350441,-0.808853077,1.63126638
overdense,5.05090827,542.64553,-19.0112218,-0.816116038,1.63434638
overdense,5.07582592,607.215976,-20.2863801,-0.823252322,1.63731713
overdense,5.10074358,681.295394,-21.6711656,-0.83026082,1.64017989
overdense,5.12566124,766.551553,-23.1776291,-0.837140445,1.64293599
overdense,5.1505789,864.992598,-24.8194471,-0.843890128,1.64558677
overdense,5.17549656,979.04661,-26.6121833,-0.850508822,1.64813366
overdense,5.20041422,1111.66219,-28.5735999,-0.8569955,1.65057812
overdense,5.22533188,1266.43635,-30.7240279,-0.863349155,1.65292165
overdense,5.25024954,1447.77792,-33.086812,-0.8695688,1.65516581
overdense,5.2751672,1661.11776,-35.6888443,-0.875653471,1.65731221
overdense,5.30008485,1913.18052,-38.5612098,-0.881602222,1.65936249
overdense,5.32500251,2212.3385,-41.7399696,-0.887414131,1.66131836
overdense,5.34992017,2569.07531,-45.2671149,-0.893088294,1.66318155
overdense,5.37483783,2996.59778,-49.1917371,-0.898623833,1.66495384
overdense,5.39975549,3511.64936,-53.5714691,-0.904019886,1.66663708
overdense,5.42467315,4135.60003,-58.4742702,-0.909275617,1.66823313
overdense,5.44959081,4895.91841,-63.9806508,-0.91439021,1.66974392
overdense,5.47450847,5828.17778,-70.1864628,-0.919362871,1.6711714
overdense,5.49942613,6978.81443,-77.2064207,-0.924192828,1.67251757
overdense,5.52434378,8408.95794,-85.1785788,-0.928879331,1.67378447
overdense,5.54926144,10199.8049,-94.2700642,-0.933421654,1.67497419
overdense,5.5741791,12460.2412,-104.684478,-0.93781909,1.67608885
overdense,5.59909676,15337.7824,-116.671532,-0.942070957,1.67713061
overdense,5.62401442,19034.4721,-130.539703,-0.946176596,1.67810166
overdense,5.64893208,23830.3008,-146.673025,-0.950135369,1.67900423
overdense,5.67384974,30118.2001,-165.553589,-0.953946662,1.6798406
overdense,5.6987674,38457.155,-187.792047,-0.957609883,1.68061307
overdense,5.72368506,49654.1756,-214.169449,-0.961124462,1.68132398
overdense,5.74860271,64893.131,-245.695402,-0.964489856,1.68197569
overdense,5.77352037,85941.2761,-283.690065,-0.967705542,1.68257061
overdense,5.79843803,115487.541,-329.90156,-0.970771019,1.68311116
overdense,5.82335569,157709.898,-386.676979,-0.973685813,1.68359982
overdense,5.84827335,219252.028,-457.216173,-0.976449472,1.68403907
overdense,5.87319101,310953.662,-545.956247,-0.979061565,1.68443142
overdense,5.89810867,451016.063,-659.16768,-0.981521688,1.68477942
overdense,5.92302633,671004.598,-805.902625,-0.983829459,1.68508564
overdense,5.94794399,1027701.58,-999.547891,-0.985984519,1.68535267
overdense,5.97286164,1627614.35,-1260.45336,-0.987986534,1.68558311
overdense,5.9977793,2680402.61,-1620.55176,-0.989835194,1.68577961
overdense,6.02269696,4622722.8,-2131.84133,-0.991530211,1.68594481
overdense,6.04761462,8426791.96,-2882.78051,-0.993071322,1.68608139
overdense,6.07253228,16438447.5,-4031.96702,-0.994458289,1.68619203
overdense,6.09744994,34905494.7,-5882.62866,-0.995690895,1.68627943
overdense,6.1223676,82674556.6,-9063.17651,-0.99676895,1.68634632
overdense,6.14728526,226616899,-15019.0603,-0.997692285,1.68639541
overdense,6.17220292,762858059,-27577.3715,-0.998460759,1.68642946
overdense,6.19712057,3.5034868e+09,-59135.4639,-0.999074251,1.68645119
overdense,6.22203823,2.72150335e+10,-164892.7,-0.999532666,1.68646338
overdense,6.25318531,1.9499874e+12,-1396262.4,-0.999887502,1.68646939
void,0.03,0.999865011,1.000045,1.0001125,-0.00013500405
void,0.0523779725,0.999588582,1.00013715,1.00034295,-0.000411555434
void,0.0747559449,0.999162145,1.00027933,1.00069864,-0.000838423863
void,0.102728411,0.998418502,1.00052733,1.00131943,-0.00158352588
void,0.125106383,0.997655493,1.00078185,1.00195709,-0.00234896622
void,0.153078849,0.996492275,1.00117002,1.00293057,-0.00351771664
void,0.175456821,0.995394733,1.00153644,1.00385061,-0.00462250528
void,0.203429287,0.993815046,1.00206409,1.0051774,-0.00621608964
void,0.225807259,0.9923859,1.00254173,1.00638039,-0.00766134735
void,0.253779725,0.990393952,1.0032079,1.00806133,-0.00968138245
void,0.276157697,0.988637,1.00379591,1.00954804,-0.0114685757
void,0.304130163,0.986238077,1.0045994,1.01158419,-0.0139171114
void,0.326508135,0.984157973,1.00529672,1.01335557,-0.016048054
void,0.354480601,0.981358414,1.00623611,1.01574822,-0.0189275759
void,0.376858573,0.978960642,1.00704148,1.01780539,-0.0214044313
void,0.399236546,0.976423655,1.00789444,1.01998997,-0.0240358122
void,0.427209011,0.973058652,1.00902708,1.02290032,-0.027543147
void,0.449586984,0.970213324,1.00998597,1.02537263,-0.030524188
void,0.477559449,0.966467403,1.01124998,1.02864359,-0.0344704374
void,0.499937422,0.963321122,1.0123131,1.0314052,-0.0378041679
void,0.527909887,0.959203971,1.01370626,1.03503884,-0.0421933433
void,0.55028786,0.955764845,1.01487174,1.03809149,-0.0458831529
void,0.578260325,0.951287029,1.0163916,1.04209012,-0.0507197179
void,0.600638298,0.947563843,1.01765739,1.04543575,-0.0547693601
void,0.628610763,0.942736749,1.01930129,1.0498019,-0.0600582363
void,0.650988736,0.938738927,1.0206652,1.05344264,-0.0644718331
void,0.678961202,0.933574712,1.0224303,1.05817908,-0.0702184056
void,0.701339174,0.929312269,1.02388997,1.06211723,-0.0750004524
void,0.723717146,0.924935575,1.0253914,1.06618834,-0.0799477964
void,0.751689612,0.919307294,1.02732616,1.07146501,-0.0863659467
void,0.774067584,0.914681394,1.02891969,1.0758372,-0.0916889038
void,0.80204005,0.908748575,1.03096791,1.08149191,-0.098579906
void,0.824418023,0.903884727,1.03265085,1.08616795,-0.104283907
void,0.852390488,0.897661715,1.03480908,1.09220429,-0.111654795
void,0.874768461,0.892571601,1.03657861,1.09718714,-0.117745664
void,0.902740926,0.886073236,1.03884324,1.10360894,-0.125603967
void,0.925118899,0.880768906,1.04069641,1.10890175,-0.132087929
void,0.953091364,0.874010457,1.04306372,1.11571308,-0.140441681
void,0.975469337,0.868504279,1.04499749,1.12131922,-0.147325368
void,1.0034418,0.861501377,1.04746359,1.12852439,-0.156183117
void,1.02581977,0.855805981,1.04947482,1.1344474,-0.163473577
void,1.05379224,0.848574556,1.05203574,1.14205098,-0.172844396
void,1.07617021,0.842702784,1.0541212,1.14829463,-0.180549099
void,1.09854819,0.836756788,1.05623859,1.15468203,-0.18844042
void,1.12652065,0.829223845,1.05892923,1.16286967,-0.198569444
void,1.14889862,0.823120287,1.06111605,1.16958349,-0.206886565
void,1.17687109,0.815398593,1.06389135,1.17818177,-0.217553111
void,1.19924906,0.809150608,1.0661442,1.18522626,-0.226304576
void,1.22722153,0.80125661,1.06899988,1.19424063,-0.237519607
void,1.2495995,0.794877369,1.07131529,1.20162025,-0.246714415
void,1.27757196,0.786827526,1.07424701,1.21105644,-0.258489471
void,1.29994994,0.780330179,1.0766215,1.21877586,-0.268137089
void,1.3279224,0.772140899,1.07962484,1.22863983,-0.280484298
void,1.35030038,0.765538537,1.08205486,1.23670396,-0.290594669
void,1.37827284,0.757226119,1.08512541,1.24700198,-0.303526765
void,1.40065081,0.750531721,1.08760741,1.25541592,-0.314110321
void,1.42302879,0.743800546,1.09011136,1.26398704,-0.32490766
void,1.45100125,0.735338697,1.0932711,1.27492359,-0.338708331
void,1.47337922,0.728533956,1.09582186,1.2838523,-0.349994812
void,1.50135169,0.719988019,1.09903788,1.29523934,-0.364414131
void,1.52372966,0.713122249,1.10163188,1.30453129,-0.376201435
void,1.55170213,0.704507745,1.1048997,1.31637604,-0.391254334
void,1.5740801,0.697593234,1.10753336,1.32603713,-0.403554674
void,1.60205257,0.688925352,1.11084853,1.3383471,-0.41925676
void,1.62443054,0.681974106,1.11351829,1.34838345,-0.432082896
void,1.652403,0.673267663,1.11687638,1.36116643,-0.448450469
void,1.67478098,0.666291373,1.11957872,1.37158441,-0.461815725
void,1.70275344,0.65756077,1.12297533,1.38484851,-0.478865798
void,1.72513141,0.650570784,1.12570673,1.39565471,-0.492784076
void,1.74750939,0.643578257,1.12844994,1.40663564,-0.506952758
void,1.77548185,0.634837273,1.13189452,1.42060961,-0.525020189
void,1.79785982,0.627846781,1.13466182,1.43198874,-0.539763025
void,1.82583229,0.619114904,1.13813437,1.44646493,-0.558557669
void,1.84821026,0.612136847,1.14092236,1.45824948,-0.573890042
void,1.87618273,0.603426817,1.14441868,1.47323706,-0.593431523
void,1.8985607,0.596471176,1.14722402,1.48543448,-0.609369454
void,1.92653317,0.587795196,1.15073999,1.50094296,-0.629678203
void,1.94891114,0.580871512,1.15355941,1.513561,-0.646238365
void,1.9768836,0.572241226,1.15709096,1.5296002,-0.667335645
void,1.99926158,0.565358586,1.15992126,1.54264684,-0.684535388
void,2.02723404,0.556785066,1.16346445,1.55922693,-0.706443315
void,2.04961202,0.549952094,1.16630249,1.57271046,-0.724300683
void,2.07758448,0.541445828,1.16985344,1.58984195,-0.747042256
void,2.09996245,0.534670678,1.17269618,1.60377089,-0.765576007
void,2.12234043,0.527923719,1.17554005,1.61790063,-0.784416587
void,2.15031289,0.519531905,1.1790956,1.63584784,-0.808404763
void,2.17269086,0.5128537,1.1819399,1.65043585,-0.827950129
void,2.20066333,0.504552263,1.1854942,1.66896163,-0.852832045
void,2.2230413,0.497949792,1.18833609,1.68401715,-0.873102799
void,2.25101377,0.489747158,1.19188565,1.70313325,-0.898904698
void,2.27339174,0.483226921,1.19472239,1.71866583,-0.919922232
void,2.30136421,0.475130913,1.19826383,1.73838436,-0.946671366
void,2.32374218,0.468698928,1.20109276,1.75440384,-0.968457893
void,2.35171464,0.460716773,1.20462283,1.7747373,-0.996182549
void,2.37409262,0.454378586,1.2074414,1.79125384,-1.01876113
void,2.40206508,0.446516919,1.21095696,1.81221511,-1.04749066
void,2.42444305,0.440277604,1.21376271,1.82923918,-1.07088522
void,2.44682103,0.434083742,1.21656201,1.84649225,-1.09465034
void,2.47479349,0.426406653,1.22005135,1.86838393,-1.12488545
void,2.49717146,0.420318181,1.22283446,1.88616022,-1.14950271
void,2.52514393,0.412775376,1.22630219,1.90871292,-1.1808192
void,2.5475219,0.406796259,1.22906692,1.92702369,-1.20631475
void,2.57549437,0.399392417,1.23251034,1.95025169,-1.23874593
void,2.59787234,0.393526184,1.23525459,1.96910856,-1.26514693
void,2.62584481,0.386265447,1.23867115,1.99302659,-1.29872735
void,2.64822278,0.3805152,1.24139293,2.01244149,-1.32606194
void,2.67619524,0.373401191,1.24478021,2.03706471,-1.36082742
void,2.69857322,0.367769624,1.24747763,2.05704996,-1.38912476
void,2.72654568,0.360805458,1.25083334,2.08239398,-1.42511244
void,2.74892365,0.355294868,1.25350463,2.10296224,-1.45440279
void,2.77689612,0.348483177,1.25682661,2.12904312,-1.49165114
void,2.79927409,0.343095479,1.25947009,2.15020743,-1.52196584
void,2.82165207,0.33776292,1.2621007,2.17164095,-1.55274616
void,2.84962453,0.331175175,1.26537041,2.19881548,-1.59188628
void,2.8720025,0.325967637,1.26797098,2.22086454,-1.62373824
void,2.89997497,0.319536876,1.27120223,2.24881719,-1.6642391
void,2.92235294,0.314455411,1.27377133,2.27149578,-1.6971969
void,2.95032541,0.308182745,1.27696242,2.30024426,-1.739102
void,2.97270338,0.303228083,1.27949874,2.32356675,-1.77320104
void,3.00067584,0.297114227,1.28264807,2.35312928,-1.81655544
void,3.02305382,0.292286787,1.28515039,2.37711045,-1.85183243
void,3.05102628,0.286332084,1.28825651,2.40750577,-1.89668281
void,3.07340426,0.281631998,1.29072371,2.43216083,-1.93317574
void,3.10137672,0.275836437,1.29378527,2.4634082,-1.97957045
void,3.12375469,0.271263561,1.29621632,2.48875277,-2.01731869
void,3.14613267,0.26674711,1.29863101,2.51440891,-2.05563785
void,3.17410513,0.261180738,1.30162608,2.54692214,-2.10435211
void,3.1964831,0.256790844,1.30400331,2.57329114,-2.14398592
void,3.22445557,0.251382242,1.30695104,2.60670582,-2.19437006
void,3.24683354,0.247118167,1.30929001,2.63380439,-2.23536139
void,3.27480601,0.241866274,1.31218946,2.66814169,-2.28746994
void,3.29718398,0.237727065,1.31448946,2.69598701,-2.32986317
void,3.32515645,0.232630563,1.3173398,2.7312687,-2.38375259
void,3.34753442,0.228615068,1.31960021,2.75987841,-2.42759368
void,3.37550688,0.223672402,1.3224007,2.79612686,-2.48332241
void,3.39788486,0.219779288,1.32462097,2.82551909,-2.52865895
void,3.42585732,0.214988682,1.327371,2.86275727,-2.5862875
void,3.44823529,0.211216446,1.32955067,2.89295066,-2.63316872
void,3.47061327,0.207497413,1.33171217,2.92350624,-2.68075274
void,3.49858573,0.202922918,1.33438838,2.96221585,-2.74123664
void,3.5209637,0.199322331,1.33650875,2.99360039,-2.79043956
void,3.54893617,0.194894758,1.33913336,3.03335857,-2.85298031
void,3.57131414,0.191410769,1.34121232,3.06559197,-2.90385572
void,3.59928661,0.187127734,1.34378503,3.10642391,-2.96852146
void,3.62166458,0.183758379,1.34582237,3.1395266,-3.02112482
void,3.64963705,0.179617359,1.34834296,3.18145818,-3.08798609
void,3.67201502,0.176360571,1.35033854,3.21545114,-3.14237481
void,3.69998748,0.17235892,1.35280687,3.25850894,-3.2115046
void,3.72236546,0.169212538,1.3547606,3.29341371,-3.26773809
void,3.75033792,0.165347507,1.35717661,3.33762502,-3.33921195
void,3.77271589,0.162309291,1.35908849,3.37346373,-3.39735168
void,3.80068836,0.158578034,1.3614522,3.41885657,-3.47124779
void,3.82306633,0.155645678,1.36332226,3.45565194,-3.5313574
void,3.84544431,0.152759613,1.36517376,3.49287994,-3.5923635
void,3.87341677,0.149216412,1.36746208,3.54003042,-3.66990197
void,3.89579474,0.146432776,1.36927192,3.57824896,-3.73297378
void,3.92376721,0.143016097,1.37150825,3.62665267,-3.81313725
void,3.94614518,0.140332458,1.3732766,3.66588597,-3.87834392
void,3.97411765,0.137039242,1.37546119,3.71557358,-3.96122034
void,3.99649562,0.134453139,1.37718825,3.75584651,-4.02863346
void,4.02446809,0.131280292,1.3793214,3.80684951,-4.11431384
void,4.04684606,0.128789237,1.38100745,3.8481876,-4.18400745
void,4.07481852,0.125733636,1.38308951,3.90053832,-4.27258594
void,4.0971965,0.123335126,1.38473484,3.94296777,-4.34463667
void,4.12516896,0.120393637,1.38676621,3.99669939,-4.43621069
void,4.14754693,0.118085159,1.38837117,4.04024709,-4.51069781
void,4.16992491,0.115815888,1.3899583,4.08430061,-4.58629393
void,4.19789737,0.113033678,1.39191726,4.14008723,-4.68237369
void,4.22027534,0.110850809,1.39346457,4.1852991,-4.76052558
void,4.24824781,0.108175033,1.39537403,4.24255145,-4.85985344
void,4.27062578,0.10607606,1.39688195,4.28895033,-4.94064724
void,4.29859825,0.103503595,1.39874245,4.34770471,-5.04333274
void,4.32097622,0.101486026,1.40021144,4.39532,-5.12685757
void,4.34894869,0.0990137661,1.40202357,4.45561365,-5.23301402
void,4.37132666,0.097075127,1.40345411,4.50447554,-5.31936208
void,4.39929912,0.0946999947,1.40521849,4.56634667,-5.42910669
void,4.4216771,0.0928378353,1.40661109,4.61648613,-5.51837336
void,4.44964956,0.0905567837,1.40832838,4.67997396,-5.6318274
void,4.47202753,0.088768681,1.40968357,4.73142277,-5.72411136
void,4.5,0.0865787005,1.41135444,4.79656753,-5.84140028
